id,role,huyen,xa,ap,male,age,eth,relig,edu,fm_mem,wactive,wagri,year_working,full-time,incAgri,percentT,areaT,areaNLKH,areaLN,areaStt,areaStt_metadata,area_change,waSource,modelT,plant_modelT,areaM1,pl1M1,groupPl1M1,numPl1M1,unit,year_est,pl1_yield,,m1cc2,m1socay2,namtrongc2,nscc2,,m1cx1,m1ncx1,m1scx1,,Namtrongcx1,nscx1,NSCX1_Note,,mh1cx2,m1scx2,namtrongcx2,nscx2,nscx2_note,,m1cx3,m1scx3,namtrongcx3,nscx3,nscx3_note,,m1cx4,Socx4,namtrongcx4,nscx4,nscx4_note,,m1cx5,m1scx5,namtrongcx5,nscx5,nscx5_note,,m1cx6,m1scx6,namtrongcx6,nscx6,,m1ctt,3d,dddh,ddn,thucchinh18,thuxen18,chichinh18,chixen18,tongthu18,tongchi18,loinhuan18,m1ctt2,smh2,mh2cc1,m2cc2,m2namtrongcc2,m2nscc1,,m2cx1,m2scx1,m2namtrongcx1,m2nscx1,,m2cx2,m2socx2,m2namtrongcx2,m2nscx2,,m2cx3,m2socx3,m2namtrongcx3,m2nscx3,,loai1,lido1a,loai2,lido2a,loai3,lido3a,hieuqua1,lidohq1,lidohq2,lidohq3,tenmthq2,lido1a,lidohq2a,lidohq3a,tencaykt1,lidokt1,lidokt2,lidokt3,tencaykt2,lidokt1a,lidokt2a,lidokt3a,tenloaicaykt3,lidokt1b,lidokt2b,thuanloimh1,khokhanmh1,caythaydoi1,lido1b,caythaydoi2,lido1c,m1namthietlap,m1chiphi,m1giong,m1lamdat,m1phanthuoc,m1congtrong,tongchiphithietlap,m2namthietlap,m2chiphithietlap,m2giong,m2lamdat,m2phanthuoc,m2congtrong,tien,m1cpcsphanthuoc,m1chiphicongcs,m1chiphicongthu hoach,mh2cpcsphanthuoc,mh2cpcscongcs,mh2cpcscongth,mh3cpcsphanthuoc,mh3cpcscongchamsoc,mh3chphithuhoach,hinhthuctochuc,solanth_3nam,noidung,mucapdung,hinhthuctochuc,solan/3namb,nd2,mucap dung,nguonhockt,,vayvon,tochucchovay,tongsotienvay,thoihanvay,laisuattb,tinhtrangtra,lidokv,,kcs,tienvaychuatra,mucdichvaytruoc,thuanloi,khokhan,mongmuon,chienluocsx
38,CH,TB,AH,RT,1,84,kinh,K,1,3,3,1,40,1,20,100,0.72,0.72,0,unchanged,,,SS,1,5,0.72,Sao den,LN,15,cay,1994,unsold,,Tre (m?ng),120,1994,650,kg,Bo,AQ,17,,1994,65,,kg,Sau rieng,16,1994,50,,kg,Chuoi,65,2015,25,25,n?i,,,,,,,,,,,,,,,,,,LN+AQ,Dat lan da,Doc vua,Co nuoc,10,10,2,2,20,4,16,LN+AQ,,,,,,,,,,,,,,,,,,,,,,,,,,,,,C�y d? tr?ng,�t ch?m s�c,,,,,,M?ng,Thu li�n t?c,,,,,,,,,,,"Thieu nuoc tuoi, mua kho",,,,,1995,,3.5,,1,1,6,,,,,,,,3,0.5,0.5,,,,,,,,,,,,,,,4,Kh�ng h?c,2,,,,,,5,Kh�ng t?n chi ph� nhi?u,,,,,34,4,4
8,CH,TB,AH,TT,0,63,kinh,K,1,6,5,2,30,1,230,80,3,3,0,unchanged,,,SS,1,5,3,Sao den,LN,100,cay,1997,unsold,,,,,,,Mit,AQ,200,,1997,,,,Sau rieng,200,2000,4500,,t?n,Dau da,35,2000,100,,kg,H?ng qu�n,100,2008,300,,kg,,,,,,,,,,,,LN+AQ,Dat xam den,Doc vua,Co nuoc,,230,,90,230,90,140,LN+AQ,,,,,,,,,,,,,,,,,,,,,,,,,,,,,Thu ho?ch li�n t?c,,,,,,,H?ng qu�n,D? tr?ng,�t chi ph�,,D�u,D? tr?ng,�t chi ph�,,,,,Dat trong phu hop,"Thieu nuoc tuoi, mua kho",,,,,2000,,20,,2.5,2,25,,,,,,,,3,0.5,0.75,,,,,,,,,,,,,,,2,,2,,,,,,5,(Chi ph� �t),,,,,4,,4
28,CH,TB,AH,RT,0,55,kinh,P,1,3,3,3,16,1,75,80,7.65,7.65,0,unchanged,,,SS,1,6,7.65,Sao den,LN,500,cay,1997,unsold,,Tre (m?ng),500,1997,5000,t?n,Dau da,AQ,100,,2014,550,,kg,Bo,200,2014,500,,kg,Tieu,200,1997,120,,kg,Khoai l�n,,2015,500,,kg,,,,,,,,,,,,LN+AQ+TPm+RM,Dat lan da,Doc it,Co nuoc,15,23,1.5,2.5,38,4,34,LN+AQ+TPm+RM,,,,,,,,,,,,,,,,,,,,,,M�t,"S�u nhi?u, ch?t",,,,,,C� gi� tr? cao,Thu ho?ch li�n t?c,,,,,,B?,?n ??nh gi� c?,,,,,,,,,,Dat trong phu hop,,,,,,2014,,10,,3,5,18,,,,,,,,0.4,,2.5,,,,,,,1,3,"S�u, b?nh tr�n c�y c� m�i",2,,,,,2,,2,,,,,,5,Mu?n vay nh?ng kh�ng c� qu?,,,,3,,,311
18,CH,TB,AH,TT,1,60,kinh,P,1,6,3,2,10,0,150,10,0.09,0.09,0,unchanged,,,TN,1,2,0.09,Sao den,LN,20,cay,1995,unsold,,,,,,,Tre (mang),TPm,65,,2000,1500,,t?n,,,,,,,,,,,,,,,,,,,,,,,,,,,,,,TPm+AQ,Dat xam den,Doc cao,Thieu nuoc,10,100,,50,110,50,60,TPm+AQ,,,,,,,,,,,,,,,,,,,,,,,,,,,,,Thu ho?ch li�n t?c,,,,,,,M?ng,Gi� cao,,,,,,,,,,,,,,,,2000,,2,,1,0.5,4,,,,,,,,2,2,0.75,,,,,,,,,,,,,,,2,,2,,,,,,1,,,,,,,,4
16,CH,TB,AH,TT,1,60,kinh,P,3,5,3,2,25,1,100,20,0.35,0.35,0,unchanged,,,TN+Gi,1,4,0.35,Sao den,LN,20,cay,1999,unharvested,,B?a,10,1999,Ch?a thu,,Dau da,AQ,100,,2009,1000,,t?n,Tieu,150,2010,30,,kg,,,,,,,,,,,,,,,,,,,,,,,,LN+AQ,,Doc vua,Thieu nuoc,,10,,1,10,1,9,LN+AQ,,,,,,,,,,,,,,,,,,,,,,Xo�i,Kh�ng c� kinh t?,,,,,,"Ph� h?p ?i?u ki?n kh� h?u, th? nh??ng ",Nh? c�ng,,,,,,D�u,D? tr?ng,D? ch?m,Ph� h?p v?i th? nh??ng,S?u ri�ng,B�n ???c gi�,Ph� h?p v?i th? nh??ng,,,,,"De trong va cham soc,","Thieu nuoc tuoi, mua kho",,,,,2009,,,,,,,,,,,,,,1,,,,,,,,,1,1,M� h�nh v??n,1,,,,,34,Kinh nghi?m,2,,,,,,1,,,,,,,,411
17,CoD,TB,AH,TT,0,53,kinh,P,2,4,1,1,30,0,100,80,3.5,3.5,0,unchanged,,,TN+K,1,8,3.5,Keo la tram,LN,200,cay,1990,unharvested,,Sao,300,1990,Ch?a thu,,Bo,AQ,20,,2009,100,,kg,Tre (mang),,2009,20000,,t?n,Dau da,300,2009,700,,kg,S?u ri�ng,,2009,250,,kg,D?a,,2009,,,,Chanh,500,2019,,,TPm+AQ,Dat xam den,Doc vua,Thieu nuoc,,130,,20,130,20,110,TPm+AQ,,,,,,,,,,,,,,,,,,,,,,Chanh,Tr?ng m?i 2ha,,,,,,C? n?m ??u c� thu nh?p,,,,,,,M?ng,Thu nhi?u l?n,???c gi�,,S?u ri�ng,"???c m�a, ?�ng gi�",,,,,,,"Thieu nuoc tuoi, mua kho",,,,,2019,,10,2.5,5,,18,,,,,,,,15,6,1.5,,,,,,,,,,,,,,,4,Internet,2,,,,,,5,Kh�ng c� ch�nh s�ch h? tr? t?i ??a ph??ng,,,,3,2,,4
51,CH,TB,AH,AH,1,45,kinh,P,2,4,2,2,13,1,100,30,0.5,0.5,0,unchanged,,,SS,1,3,0.5,Tre (mang),TP(m),100,cay,1989,unharvested,,,,,,,Cam quyt,AQ,100,,2014,1000,,t?n,Xoai,30,1989,1500,,t?n,,,,,,,,,,,,,,,,,,,,,,,,TPm+AQ,Dat xam den,Doc vua,Co nuoc,,35,,6.2,35,6,29,TPm+AQ,,,,,,,,,,,,,,,,,,,,,,C�y r?ng,Tr?ng c�y kh�c c� ngu?n thu,,,,,,Ph� h?p th? nh??ng,,,,,,,Qu�t,"N?ng su?t cao, ?n ??nh",,,,,,,,,,,"Thieu nuoc tuoi, mua kho",,,,,2016,,10,5,2,,17,,,,,,,,11.2,6,5,,,,,,,,,,,,,,,13,,2,,,,,,3,,,,,,24,24,4
6,CH,TB,AH,TT,1,68,kinh,P,1,3,2,2,10,1,25,50,0.8,0.8,0,unchanged,,,TN,1,3,0.8,Keo la tram,LN,300,cay,2009,unharvested,,,,,,,Dau ve,RMTP,,,2009,100,,kg,Su su,,2009,100,,kg,,,,,,,,,,,,,,,,,,,,,,,,LN+RM,Dat lan da,Doc vua,Thieu nuoc,,10,,5,10,5,5,LN+RM,,,,,,,,,,,,,,,,,,,,,,,,,,,,,,,,,,,,Su - ??u ve,D? tr?ng,D? thu ho?ch,D? b�n,,,,,,,,Cay giong de mua,Gia ca bap benh,,,,,2009,,,,,,,,,,,,,,1,,2.5,,,,,,,,,,,,,,,134,Kinh nghi?m,2,,,,,,1,,,,,,,,4
11,CH,TB,AH,TT,1,47,kinh,P,1,3,3,1,7,0,50,10,0.2,0.2,0,unchanged,,,TN,1,4,0.2,Gio bau,LN,50,cay,2003,unharvested,,,,,,,Sau rieng,AQ,20,,2018,,Ch?a thu,,Bo,20,2010,250,,kg,Mit,20,2010,100,,kg,,,,,,,,,,,,,,,,,,LN+AQ,Dat xam den,Doc vua,Thieu nuoc,,5,,,5,0,5,LN+AQ,,,,,,,,,,,,,,,,,,,,,,Xo�i,"Kh�ng c� n?ng su?t, b?nh th?i tr�i n�n b?",M�t,"S�u h?i, ru?i v�ng",,,,B? v� s?u ri�ng c� thu nh?p,,,,,,,B? - S?u ri�ng,"C� gi� b�n cao, ??u ra d?",,,,,,,,,,Cay giong de mua,"Thieu nuoc tuoi, mua kho",,,,,2003,,,,,,,,,,,,,,,,,,,,,,,,,,,,,,,134,Kinh nghi?m,2,,,,,,1,,,,,,,,4
1,Co,TB,AH,TT,1,68,kinh,P,2,5,2,1,25,1,40,100,2.5,2.5,0,unchanged,,,TN,1,3,2.5,Sao den,LN,625,cay,1999,unharvested,,Keo,625,1999,Ch?a thu,,Tre (mang),TPm,300,,2005,10000,,t?n,,,,,,,,,,,,,,,,,,,,,,,,,,,,,,LN+TPm,Dat lan da,Doc vua,Co nuoc,,40,,11.2,40,11,29,LN+TPm,,,,,,,,,,,,,,,,,,,,,,,,,,,,,Nh? tre l� ngu?n thu ch�nh,,,,,,,Tre,Ngu?n m?ng,,,,,,,,,,"De trong va cham soc,",,,,,,1999,,,,,,,,,,,,,,1.5,,10,,,,,,,,,,,,,,,3,,2,,,,,,1,,,,,,,,4
34,Co,TB,AH,VB,1,38,kinh,P,2,6,2,2,30,1,550,100,10,10,0,increase,IA,,SS,1,2,10,"Cam, quyt",AQ,10000,cay,1990,50000,t?n,,,,,,Tre (mang),TPm,50,,1990,2000,,t?n,,,,,,,,,,,,,,,,,,,,,,,,,,,,,,TPm+AQ,Dat xam den,Doc vua,Co nuoc,380,60,250,10,440,260,180,TPm+AQ,,,,,,,,,,,,,,,,,,,,,,,,,,,,,C� n?ng su?t,D? thu ho?ch,,,,,,"Cam, qu�t",Thu nh?p cao,,,,,,,,,,,"Thieu nuoc tuoi, mua kho",,,,,1990,,10,,50,0,60,,,,,,,,600,0,200,,,,,,,,,,,,,,,3,,2,,,,,,1,,,,,,24,,4
37,CH,TB,AH,RT,1,40,kinh,K,1,6,2,2,30,0,100,70,2.5,2.5,0,unchanged,,,SS+TN,1,5,2.5,Tre (mang),TP(m),500,bui,2000,40000,t?n,,,,,,Tieu,AQ,200,,2000,100,,kg,Dau da,120,2000,300,,kg,"Cam, quyt",100,2000,,,,S?u ri�ng,20,2000,50,,kg,,,,,,,,,,,,TPm+AQ,,Doc vua,Thieu nuoc,180,15,60,10,195,70,125,TPm+AQ,,,,,,,,,,,,,,,,,,,,,,,,,,,,,Ph� h?p ??t ?ai,,,,,,,M?ng,�t t?n c�ng,,,,,,,,,,"De trong va cham soc,",Gia ca bap benh,,,,,2000,,7,3.5,3.5,,14,,,,,,,,4,,1,,,,,,,,,,,,,,,4,Kinh nghi?m,2,,,,,,15,Lo ng?i l�i su?t v?n,,,,3,4,,4
39,Co,TB,AH,VB,1,34,kinh,P,1,6,2,2,20,1,135,100,5,5,0,increase,IA,,SS,1,3,5,Tre (mang),TP(m),500,bui,1999,30000,t?n,,,,,,Bo,AQ,100,,2004,4000,,t?n,Dau da,200,2004,600,,kg,,,,,,,,,,,,,,,,,,,,,,,,TPm+AQ,Dat cat pha,Doc vua,Co nuoc,240,130,115,30,370,145,225,TPm+AQ,,,,,,,,,,,,,,,,,,,,,,Qu�t,Kh�ng c� k? thu?t ch?m s�c qu�t,,,,,,D? thu ho?ch,Thu nh?p ??u,,,,,,Tre,Thu nhi?u l?n,Kh�ng ??u t?,,B?,N?ng su?t t?t,,,,,,Dat trong phu hop,"Thieu nuoc tuoi, mua kho",Xo�i,Tr?ng ??t kh� kh�ng b? ch?t,,,2004,,2,,0,0,2,,,,,,,,20,0,10,,,,,,,,,,,,,,,3,,2,,,,,,1,,,,,,4,4,1
9,CH,TB,AH,VB,1,49,kinh,P,1,6,2,2,30,1,120,100,2.5,2.5,0,unchanged,,,SS,1,2,2.5,Tre (mang),TP(m),1000,bui,1990,25000,t?n,,,,,,Cam quyt,AQ,400,,2016,,,,,,,,,,,,,,,,,,,,,,,,,,,,,,,,,TPm+AQ,Dat xam den,Doc vua,Co nuoc,180,0,0,80,180,80,100,TPm+AQ,,,,,,,,,,,,,,,,,,,,,,Qu�t ,C� gi� tr? kinh t?,Cam,C� gi� tr? kinh t?,,,,"Thu ho?ch ??u, gi� cao",,,,,,,Qu�t,Gi� cao,,,,,,,,,,,"Thieu nuoc tuoi, mua kho",,,,,2016,,20,,60,0,80,,,,,,,,100,0,5,,,,,,,1,1,"K? thu?t tr?ng cam, qu�t",2,,,,,3,,2,,,,,,1,,,,,,4,2,4
67,CH,TB,AH,VD,1,36,kinh,HN,3,4,2,2,5,0,200,40,2,2,0,unchanged,,,TN,1,2,2,Tre (mang),TP(m),500,bui,2009,15000,t?n,,,,,,Bo,AQ,30,,2016,,,,,,,,,,,,,,,,,,,,,,,,,,,,,,,,,TPm+AQ,,Doc vua,Thieu nuoc,60,15,10,,75,10,65,TPm+AQ,,,,,,,,,,,,,,,,,,,,,,,,,,,,,Kh�ng t?n c�ng nhi?u,,,,,,,Tre,Do b? m?i tr?ng ch?a thu,,,,,,,,,,Dat trong phu hop,"Thieu nuoc tuoi, mua kho",,,,,2016,,,,,,,,,,,,,,,,,,,,,,,1,2,"K? thu?t tr?ng c�y c� m�i, gh�p c�y",2,,,,,4,Kinh nghi?m,2,,,,,,15,kh�ng nhu c?u vay v?n,,,,34,,,4
74,CH,TB,AH,VB,0,40,kinh,P,2,4,2,2,15,1,200,100,0.7,0.7,0,unchanged,,,SS,1,2,0.7,"Cam, quyt",AQcm,400,cay,1999,15000,t?n,,,,,,Tre (mang),TPm,20,,1999,150,,kg,,,,,,,,,,,,,,,,,,,,,,,,,,,,,,TPm+AQ,Dat lan da,Doc vua,Co nuoc,235,5,135,,240,135,105,TPm+AQ,,,,,,,,,,,,,,,,,,,,,,,,,,,,,Thu nh?p cao,,,,,,,Qu�t,Thu nh?p ch? y?u t? qu�t,,,,,,,,,,,Phu thuoc vao thoi tiet,,,,,1999,,0,,70,0,70,,,,,,,,80,40,30,,,,,,,,,,,,,,,1,,2,,,,,,1,,,,,,,,4
72,CH,TB,AH,VD,1,42,kinh,HN,1,4,2,2,10,1,300,100,2,2,0,unchanged,,,AH,1,6,2,Tre (mang),TP(m),200,bui,2009,12000,t?n,,,,,,Cam quyt,AQ,2000,,2015,7000,,t?n,Buoi,80,2015,,,,"Cam, quyt",100,2016,,,,B?,,,,Ch? ?? ?n,,S?u ri�ng,,,,Ch? ?? ?n,,,,,,,TPm+AQ,Dat lan da,Doc vua,Thieu nuoc,150,100,40,70,250,110,140,TPm+AQ,,,,,,,,,,,,,,,,,,,,,,,,,,,,,Ng?n nu�i d�i,,,,,,,Tre,S?n l??ng nhi?u,,,Qu�t,S?n l??ng  nhi?u,,,,,,Dat trong phu hop,"Thieu nuoc tuoi, mua kho",,,,,2015,,25,,,,25,,,,,,,,105,,5,,,,,,,,,,,,,,,14,Kinh nghi?m,2,,,,,,1,,,,,34,,,4
42,Co,TB,AH,RT,1,24,kinh,HN,3,5,5,5,10,0,100,70,4.5,4.5,0,unchanged,,,AH,1,6,4.5,Tre (mang),TP(m),150,bui,1998,10000,t?n,,,,,,Dau da,AQ,125,,1998,,,,Hong quan,15,2004,350,,kg,Mit,15,2004,,,,Khoai l�n,,2009,1000,,t?n,Qu�t,25,2019,,,,,,,,,TPm+AQ,Dat cat pha,Doc vua,Thieu nuoc,30,350,10,35,380,45,335,TPm+AQ,,,,,,,,,,,,,,,,,,,,,,,,,,,,,Do ??c th� ??t th�ch h?p c�c lo?i tr?ng xen canh,,,,,,,M?ng,S? l?n thu ho?ch nhi?u,T?n chi ph� �t,,,,,,,,,,"Khong du dieu kien, ky thuat",,,,,2019,,0.45,1,6,,7,,,,,,,,10,,5,,,,,,,,,,,,,,,4,"Kinh nghi?m b?n th�n, gia ?�nh truy?n l?i",2,,,,,,1,,,,,3,,,4
24,V,TB,AH,RT,0,40,kinh,K,2,4,2,2,18,0,60,50,2,2,0,unchanged,,,TN,1,5,2,Tre (mang),TP(m),300,cay,2001,10000,t?n,M�t,100,1980,0,,Bo,AQ,60,,2001,500,,kg,Sau rieng,40,2001,0,,,"Cam, quyt",400,2001,0,,,,,,,,,,,,,,,,,,,,TPm+AQ,Dat cat pha,Doc vua,Thieu nuoc,30,5,2,3,35,5,30,TPm+AQ,,,,,,,,,,,,,,,,,,,,,,,,,,,,,"Kh� h?u, ??t ?ai ph� h?p",,,,,,,Tre,Kh�ng ph? thu?c th?i ti?t,,,,,,,,,,Nguon thu on dinh,"Nang suat thap, bap benh",,,,,2001,,0,,4,0,4,,,,,,,,5,0,0,,,,,,,1,1,K? thu?t ch?m s�c c�y tr?ng,1,,,,,3,,1,1,12,60,0.75,1,,,,,,4,234,24,111
41,CH,TB,AH,RT,0,58,kinh,P,1,4,4,2,44,1,300,90,2,2,0,unchanged,,,TN,1,7,2,Tre (mang),TP(m),400,bui,1990,10000,t?n,,,,,,Bo,AQ,100,,2005,4000,,t?n,Sau rieng,40,2009,1000,,t?n,"Cam, quyt",400,2014,,Ch?a thu,,M�t,70,2010,,,,Ti�u,100,2012,150,,kg,M�ng c?u,20,2012,50,kg,TPm+AQ,Dat cat pha,Doc vua,Thieu nuoc,120,115,25,15,235,40,195,TPm+AQ,,,,,,,,,,,,,,,,,,,,,,,,,,,,,D? tr?ng,D? b�n,,,,,,Tre,D? tr?ng,kh�ng ch?m s�c,L�m ??a,S?u ri�ng,D? b�n,C� l�c gi� cao,,B?,D? b�n,,"De trong va cham soc,",Mat nhieu cong cham soc,,,,,2012,,3,,5,,8,,,,,,,,10,,,,,,,,,,,,,,,,,34,Kinh nghi?m,2,,,,,,1,,,,,,,,4
10,CH,TB,AH,VB,1,53,kinh,P,2,4,4,2,29,1,100,100,3,3,0,unchanged,,,TN,1,5,3,Tre (mang),TP(m),300,bui,1985,10000,t?n,,,,,,Bo,AQ,,,1980,600,,kg,Dau da,200,2002,700,,kg,"Cam, quyt",300,2016,1000,,,,,,,,,M�ng c?u,40,,300,,kg,,,,,,TPm+AQ,Dat xam den,Doc vua,Thieu nuoc,80,35,15,5,115,20,95,TPm+AQ,,,,,,,,,,,,,,,,,,,,,,M�t,Kh�ng cho thu ho?ch,,,,,,Cho thu nh?p m?i th�ng trong n?m,,,,,,,Tre m?ng,D? tr?ng,Thu ho?ch ?n ??nh m?i n?m,Kh�ng s�u h?i ph�,,,,,,,,"Thoi tiet, khi hau thich hop ","Thieu nuoc tuoi, mua kho",,,,,2019,,17.6,,4.5,2,24,,,,,,,,4.5,2,2,,,,,,,1,3,K? thu?t tr?ng v� ch?m s�c c�y c� m�i,1,,,,,3,,2,,,,,,1,,,,,34,34,4,4
48,CH,TB,AH,RT,1,54,kinh,K,1,4,4,3,20,0,180,80,5,5,0,unchanged,,,TN,1,3,5,Tre (mang),TP(m),3500,bui,1994,9000,t?n,,,,,,Bo,AQ,500,,2014,350,,kg,"Cam, quyt",6000,2014,,Ch?a thu,,,,,,,,,,,,,,,,,,,,,,,,,TPm+AQ,Dat xam den,Doc vua,Thieu nuoc,70,10,20,5,80,25,55,TPm+AQ,,,,,,,,,,,,,,,,,,,,,,,,,,,,,,,,,,,,M?ng,Th?i gian s?ng l�u,??t kh�ng b? suy tho�i,,,,,,,,,,"Thieu nuoc tuoi, mua kho",,,,,2014,,100,,5,2,107,,,,,,,,5,,5,,,,,,,,,,,,,,,4,Kinh nghi?m,2,,,,,,2,,3,,,3,,,4
56,CH,TB,AH,VB,1,31,kinh,P,2,4,2,2,10,1,200,60,1,1,0,unchanged,,,TN,1,4,1,Tre (mang),TP(m),110,bui,1980,8000,t?n,,,,,,Cam quyt,AQ,700,,2015,2000,,t?n,Dua,40,1989,700,,tr�i,Chuoi,60,2014,1000,,t?n,,,,,,,,,,,,,,,,,,TPm+AQ,Dat xam den,Doc vua,Thieu nuoc,40,45,2.5,2.5,85,5,80,TPm+AQ,,,,,,,,,,,,,,,,,,,,,,,,,,,,,?n ??nh,,,,,,,Qu�t,N?ng su?t cao,Gi� b�n ?n ??nh,,,,,,,,,Dat trong phu hop,"Thieu nuoc tuoi, mua kho",,,,,2015,,,,25,,25,,,,,,,,30,,3,,,,,,,,,,,,,,,13,,2,,,,,,1,,,,,,,,4
61,CH,TB,AH,VB,1,49,kinh,P,1,5,4,1,37,0,275,50,1.5,1.5,0,unchanged,,,SS,1,5,1.5,Tre (mang),TP(m),200,bui,1988,8000,t?n,,,,,,Dau da,AQ,100,,2009,8500,,t?n,Bo,20,2009,1000,,t?n,Sau rieng,40,2009,200,,kg,M�ng c?u,100,2000,200,,kg,,,,,,,,,,,,TPm+AQ,Dat cat pha,Doc it,Co nuoc,130,80,45,5.5,210,51,160,TPm+AQ,,,,,,,,,,,,,,,,,,,,,,Thu?c nam,Kh�ng c� thu nh?p,,,,,,Th�ch nghi v�ng n�i,,,,,,,D�u,Th�ch h?p v�ng ??t,,,Tre,"D? tr?ng, kh�ng ch?m s�c",,,S?u ri�ng,Ph� h?p v�ng ??t,B�n ???c gi�,"Thoi tiet, khi hau thich hop ","Thieu nuoc tuoi, mua kho",,,,,2009,,7.25,,1,,8,,,,,,,,5,,,,,,,,,,,,,,,,,4,Kinh nghi?m,2,,,,,,1,,,,,,,2,4
69,V,TB,AH,RT,0,49,kinh,P,1,6,4,4,40,1,70,100,1,1,0,increase,IA,,SS,1,5,1,Tre (mang),TP(m),100,bui,2004,7000,t?n,,,,,,Bo,AQ,60,,2008,2000,,t?n,Sau rieng,20,2008,1000,,t?n,Tieu,100,2008,150,,kg,Qu�t,200,2014,,,,,,,,,,,,,,,TPm+AQ,Dat lan da,Doc vua,Co nuoc,40,30,0,1.5,70,2,69,TPm+AQ,,,,,,,,,,,,,,,,,,,,,,,,,,,,,Thu nh?p ??u,,,,,,,S?u ri�ng,Gi� cao,,,B?,C� gi� tr? kinh t?,,,,,,"Thoi tiet, khi hau thich hop ","Thieu nuoc tuoi, mua kho",,,,,2008,,7,,0.5,0,8,,,,,,,,1.5,0,0,,,,,,,,,,,,,,,4,Kinh nghi?m,2,,,,,,1,,,,,,4,4,4
43,CH,TB,AH,RT,1,42,kinh,P,1,5,5,3,34,0,150,65,0.45,0.45,0,unchanged,,,TN,1,5,0.45,Tre (mang),TP(m),,bui,2009,7000,t?n,,,,,,Chom chom,AQ,200,,2018,,Ch?a thu,,"Cam, quyt",,2009,,,,Tieu,,2009,250,,kg,B?,350,2018,1000,,t?n,,,,,,,,,,,,TPm+AQ,Dat cat pha,Doc cao,Thieu nuoc,90,35,5,5,125,10,115,TPm+AQ,,,,,,,,,,,,,,,,,,,,,,,,,,,,,,,,,,,,M?ng,D? tr?ng,B�n d?,,B?,D? tr?ng,B�n d?,,,,,,"Thieu nuoc tuoi, mua kho",,,,,2009,,5,,3,0.75,9,,,,,,,,7,,0.5,,,,,,,1,1,"Tr?ng, chi?t, gh�p, s�u b?nh hai",3,,,,,4,Kh�ng h?c,1,1,50,60,0.6,2,,,,,,2,4,,4
86,V,TB,AH,VB,0,43,kinh,P,1,3,3,2,23,1,150,30,0.8,0.8,0,unchanged,,,TN,1,6,0.8,Tre (mang),TP(m),100,bui,1999,6000,t?n,,,,,,Bo,AQ,50,,2010,1000,,t?n,"Cam, quyt",200,2016,,,,Buoi,50,2017,,,,D?a,40,2017,,,,D�u,150,2013,1000,,t?n,,,,,,TPm+AQ,Dat lan da,Doc cao,Thieu nuoc,35,20,8,8,55,16,39,TPm+AQ,,,,,,,,,,,,,,,,,,,,,,Qu�t,?a d?ng c�y,B??i,?a d?ng c�y,D?a xi�m l�n,"�t ch?m, th�m nhi?u c�y",,Tre tr?ng ngo�i ranh,,,,,,,Tre,�t ch?m,�t ph�n,,D�u,D? c� tr�i,,,,,,,De bi rung trai,,,,,2016,,10,,15,,25,,,,,,,,4,,,,,,,,,1,2,K? thu?t tr?ng c�y,2,,,,,13,,2,,,,,,1,,,,,12,1234,4,4
32,CH,TB,AH,RT,1,37,kinh,K,3,4,2,2,15,0,40,80,1,1,0,unchanged,,,SS+TN,1,3,1,Tre (mang),TP(m),,bui,2009,5500,t?n,,,,,,Tieu,AQ,150,,2004,80,,kg,Bo,30,2006,1000,,t?n,,,,,,,,,,,,,,,,,,,,,,,,TPm+AQ,,Doc vua,Thieu nuoc,25,14,2,2,39,4,35,TPm+AQ,,,,,,,,,,,,,,,,,,,,,,,,,,,,,Ngu?n thu ch�nh,Ch? l?c,,,,,,Tre,Thu ???c nhi?u l?n ,C� th? b�n ???c th�n v� m?ng,Gi� cao,,,,,,,,"De trong va cham soc,",Gia ca bap benh,,,,,2016,,,,4.5,2.5,7,,,,,,,,7,,,,,,,,,1,1,Thi?t k? v??n,2,,,,,4,Kinh nghi?m,1,1,50,60,0.66,2,,,,,,3,4,,111
13,CH,TB,AH,TT,1,63,kinh,P,1,5,3,2,30,0,120,80,1.71,1.71,0,unchanged,,,SS,1,3,1.71,Tre (mang),TP(m),280,bui,1998,5500,t?n,Sao,650,1997,Ch?a thu,,Bo,AQ,55,,2018,,Ch?a thu,,,,,,,,,,,,,,,,,,,,,,,,,,,,,,,TPm+LN+AQ,Dat xam den,Doc cao,Co nuoc,50,60,20,15,110,35,75,TPm+LN+AQ,,,,,,,,,,,,,,,,,,,,,,M�t,"Kh�ng c� gi�, s�u b?nh",,,,,,??t th�ch h?p,,,,,,,Sao,L�u n?m,Ph? xanh ??i tr?c,,,,,,,,,"Thoi tiet, khi hau thich hop ","Thieu nuoc tuoi, mua kho",H?ng qu�n,Ch?u h?n,,,1997,1,,,,,1,,,,,,,,,,2,,,,,,,1,1,"K? thu?t chi?t, gh�p c�y c� m�i",?ang �p d?ng,,,,,123,,2,,,,,,5,(?� vay v?n H?c sinh - Sinh vi�n),,,,,,,11
83,CH,TB,AH,VB,1,46,kinh,HN,3,3,2,2,20,0,150,60,2.25,2.25,0,unchanged,,,SS,1,5,2.25,Tre (mang),TP(m),300,bui,2000,5000,t?n,,,,,,Bo,AQ,150,,1984,2000,,t?n,"Cam, quyt",200,2014,250,,kg,Mang cau,100,,200,,kg,S?u ri�ng,30,2000,200,,kg,,,,,,,,,,,,TPm+AQ,Dat cat pha,,Thieu nuoc,40,66,5,15,106,20,86,TPm+AQ,,,,,,,,,,,,,,,,,,,,,,,,,,,,,C� �p d?ng k� thu?t n�n n?ng su?t cao,,,,,,,B?,Gi� ?n ??nh,,,,,,,,,,"Thoi tiet, khi hau thich hop ",,,,,,2014,,5,,10,1,16,,,,,,,,10,1,2,,,,,,,1,3,"Chi?t, gh�p, s? d?ng ph�n b�n, thu?c BVTV",1,,,,,123,,1,1,50,60,0.75,2,,,,,,2,,,11
53,CH,TB,AH,TT,1,87,kinh,P,1,3,3,2,30,1,200,80,1.17,1.17,0,unchanged,,,SS,1,6,1.17,Tre (mang),TP(m),200,bui,1985,5000,t?n,,,,,,Sau rieng,AQ,30,,1989,500,,kg,Dau da,50,1989,1000,,t?n,Dinh lang,60,2009,200,,kg,B?,50,1989,2000,,t?n,Ti�u,100,2009,350,,kg,,,,,,TPm+AQ,,Doc cao,Co nuoc,70,130,45,10,200,55,145,TPm+AQ,,,,,,,,,,,,,,,,,,,,,,,,,,,,,C�y ?n tr�i c� gi� cao,,,,,,,B?,Gi� ?n ??nh,,,,,,,,,,Co kinh nghiem trong,Thieu von dau tu,,,,,2009,,3,,5,1,9,,,,,,,,10,,5,,,,,,,,,,,,,,,4,Kh�ng h?c do tu?i cao,2,,,,,,5,"gi�, tu?i cao, kh�ng ???c vay",,,,,,2,4
46,CH,TB,AH,VB,1,50,kinh,P,1,3,3,2,30,1,40,70,1,1,0,unchanged,,,TN,1,2,1,Tre (mang),TP(m),150,bui,1999,5000,t?n,,,,,,Bo,AQ,100,,2012,100,,kg,,,,,,,,,,,,,,,,,,,,,,,,,,,,,,TPm+AQ,,Doc vua,Thieu nuoc,25,1,2,2,26,4,22,TPm+AQ,,,,,,,,,,,,,,,,,,,,,,B?,Ph� h?p v?i v�ng ??t,,,,,,"Ph� h?p ??t n�i, d?c",,,,,,,Tre,Ph� h?p ??t ?�,,,B?,C� n?ng su?t,,,,,,,"Thieu nuoc tuoi, mua kho",,,,,2012,,,,3,,3,,,,,,,,4,,,,,,,,,1,3,"Thu?c BVTV, gi?ng, k? thu?t",2,,,,,13,,2,,,,,,1,,,,,,34,4,4
89,V,TB,AH,TT,0,57,kinh,P,1,10,6,2,40,0,150,40,2.2,2.2,0,unchanged,,,TN,1,7,2.2,Tre (mang),TP(m),220,bui,1985,5000,t?n,,,,,,Mit,AQ,30,,2001,,,,Bo,30,1989,,,,Dau da,30,1989,,,,Chu?i,100,2009,,,,Ti�u,30,2009,,,,D?a,15,1989,,,TPm+AQ,Dat xam den,Doc vua,Thieu nuoc,105,25,50,5,130,55,75,TPm+AQ,,,,,,,,,,,,,,,,,,,,,,,,,,,,,ph� h?p v�ng ??t n�y,,,,,,,Tre,�t ch?m,Thu ho?ch ??u,,B?,C� n?ng su?t,,,,,,Cay giong de mua,"Nang suat thap, bap benh",,,,,1999,,15,,,,15,,,,,,,,,,,,,,,,,,,,,,,,,34,Kinh nghi?m,2,,,,,,1,,,,,,4,4,4
76,CH,TB,AH,VB,1,57,kinh,P,2,3,3,3,40,1,350,80,1.7,1.7,0,unchanged,,,SS,1,3,1.7,Tre (mang),TP(m),150,bui,1989,4500,t?n,,,,,,Dau da,AQ,800,,1999,16000,,t?n,Bo,100,2004,3000,,t?n,,,,,,,,,,,,,,,,,,,,,,,,TPm+AQ,Dat cat pha,Doc vua,Co nuoc,30,205,5,15,235,20,215,TPm+AQ,,,,,,,,,,,,,,,,,,,,,,,,,,,,,D? tr?ng,Th�ch h?p v�ng ??t,,,,,,D�u,N?ng su?t ?n ??nh,,,,,,,,,,Dat trong phu hop,,,,,,2014,,16,,1,,17,,,,,,,,5.2,,,,,,,,,1,2,K? thu?t tr?ng c�y c� m�i,1,,,,,134,Kinh nghi?m,2,,,,,,1,,,,,,4,4,4
71,V,TB,AH,VB,0,56,kinh,P,1,2,2,2,2,1,150,30,1.1,1.1,0,increase,IA,0.4,TN,1,5,1.1,Tre (mang),TP(m),50,bui,1989,4000,t?n,,,,,,Sau rieng,AQ,20,,1999,180,,kg,Bo,20,2014,50,,kg,Mit,50,2018,,,,S?u ri�ng kh�ng h?t,100,2016,,,,,,,,,,,,,,,TPm+AQ,Dat lan da,Doc vua,Thieu nuoc,30,5,15,2.5,35,18,18,TPm+AQ,,,,,,,,,,,,,,,,,,,,,,M�t,Tr?ng d?m v�o ch? c�y ch?t,S?u ri�ng kh�ng h?t,C�y gi?ng m?i,,,,�t t??i n??c,Ph� h?p ??t ?ai,,,,,,Tre,�t ch?m,Thu ho?ch ??u,,,,,,,,,Dat trong phu hop,Giao thong kho khan,,,,,2019,,25,,5,,30,,,,,,,,5,,,,,,,,,1,1,K? thu?t tr?ng c�y,2,,,,,134,Kinh nghi?m,2,,,,,,1,,,,,,4,4,4
81,K,TB,AH,RT,1,62,kinh,HN,3,2,2,2,10,1,200,25,1,1,0,unchanged,,,TN,1,5,1,Tre (mang),TP(m),100,bui,1980,4000,t?n,,,,,,Mang cut,AQ,17,,2000,,,,"Cam, quyt",6,2016,,,,Sau rieng,7,,60,,kg,D�u,40,2011,700,,kg,,,,,,,,,,,,TPm+AQ,Dat xam den,Doc vua,Thieu nuoc,20,6,1.5,1.5,26,3,23,TPm+AQ,,,,,,,,,,,,,,,,,,,,,,M�t,S�u b?nh,,,,,,Th�ch h?p th? nh??ng,,,,,,,Tre,"D? th�ch nghi, �t ch?m b�n",,,,,,,,,,Dat trong phu hop,,,,,,2016,,9,,2,,11,,,,,,,,3,,,,,,,,,,,,,,,,,4,Kinh nghi?m,2,,,,,,1,,,,,13,,,4
36,CH,TB,AH,VB,1,43,kinh,P,3,4,2,2,10,0,150,40,0.38,0.38,0,unchanged,,,TN,1,4,0.38,Tre (mang),TP(m),100,bui,1999,4000,t?n,G? ??,200,2018,Ch?a thu,,Tieu,AQ,200,,2012,100,,kg,Bo,100,2009,1000,,t?n,,,,,,,,,,,,,,,,,,,,,,,,LN+TPm+AQ,Dat xam den,Doc vua,Thieu nuoc,20,30,1,1,50,2,48,LN+TPm+AQ,,,,,,,,,,,,,,,,,,,,,,G? ??,L�m nghi?p khuy?n c�o tr?ng ?? ki?m l�m c?p s? ,,,,,,D? tr?ng,"Lu�n c� m?ng, b?, ti�u ?? b�n cho kh�ch du l?ch",,,,,,Tre,Nh? c�ng,??u t? �t,Tre l�m ??a,,,,,,,,Dat trong phu hop,"Thieu nuoc tuoi, mua kho",Qu�t,B�n t?t c� gi�,,,,,,,2,,2,,,,,,,,2,,,,,,,,,,,,,,,,,134,Kinh nghi?m,2,,,,,,1,,,,,,,4,11
85,CH,TB,AH,VB,1,34,kinh,P,2,2,2,2,12,0,160,80,1,1,0,unchanged,,,TN,1,4,1,Tre (mang),TP(m),100,bui,2000,4000,t?n,,,,,,Dau da,AQ,30,,2010,350,,kg,Bo,13,2008,300,,kg,Sau rieng,10,2005,500,,kg,,,,,,,,,,,,,,,,,,TPm+AQ,Dat lan da,Doc cao,Thieu nuoc,80,40,20,2,120,22,98,TPm+AQ,,,,,,,,,,,,,,,,,,,,,,,,,,,,,"Ph� h?p ??t, kh� h?u",,,,,,,M?ng,?n ??nh,,,S?u ri�ng,b�n ???c gi�,,,,,,"Thoi tiet, khi hau thich hop ","Thieu nuoc tuoi, mua kho",,,,,,,2,,,,2,,,,,,,,0.5,,,,,,,,,,,,,,,,,134,Kinh nghi?m,2,,,,,,1,,,,,,,,4
90,CH,TB,AH,VB,1,46,kinh,P,1,5,5,2,30,1,100,80,1,1,0,unchanged,,,TN,1,2,1,Tre (mang),TP(m),100,bui,1999,4000,t?n,,,,,,Cam quyt,AQ,200,,2013,10000,,t?n,,,,,,,,,,,,,,,,,,,,,,,,,,,,,,TPm+AQ,Dat lan da,Doc cao,Thieu nuoc,15,70,4.5,9,85,14,72,TPm+AQ,,,,,,,,,,,,,,,,,,,,,,Su,B? ?i do ch?t d�y,Qu�t,"C� gi�, c� n?ng su?t",,,,"Ph� h?p ??t ?ai, kh� h?u",,,,,,,Tre,�t ch?m,N?ng su?t ?n ??nh,,,,,,,,,"Thoi tiet, khi hau thich hop ","Thieu nuoc tuoi, mua kho",,,,,2013,,20,,7,,27,,,,,,,,29,,2,,,,,,,,,,,,,,,134,Kinh nghi?m,1,1,50,60,0.1,2,,,,,,,134,4,4
31,V,TB,AH,RT,0,41,kinh,K,1,4,2,2,8,1,80,30,2.2,2.2,0,increase,IA,0.7,TN,2,1,0.7,Tre (mang),TP(m),100,b?i,2011,3000,t?n,,,,,,,,,,,,,,,,,,,,,,,,,,,,,,,,,,,,,,,,,,,TPm,Dat cat pha,Doc vua,Thieu nuoc,10,,2,,10,2,8,TPm,,Tre (m?ng),150,2015,,,Chu?i,50,2015,50,bu?ng,M�ng c?u,100,2015,,,,,,,,,,,,,,,Chu?i c� hi?u qu?,M?ng v� chu?i d? b�n,,,,,,Tre,S?n ph?m ?n ??nh,D? b�n,,Chu?i,S?n ph?m ?n ??nh,D? b�n,,,,,Cay giong de mua,,,,,,,,,,,,,2015,,1.2,,,5,,2,,,3,3,,,,,,,,,1,1,Gi?i ti?u c�y b?,2,134,Kinh nghi?m,1,N??c s?ch,12,60,0.75,2,,,,,,,4,24,4
7,CH,TB,AH,TT,0,42,kinh,P,2,4,2,2,20,0,125,70,0.4,0.4,0,unchanged,,,TN+Gi,1,4,0.4,Tre (mang),TP(m),50,bui,2000,3000,t?n,,,,,,Bo,AQ,10,,2015,1000,,t?n,Sau rieng,10,2015,,,,Dau xanh,20,2010,10000,,t?n,,,,,,,,,,,,,,,,,,TPm+AQ+RM,,Doc vua,Thieu nuoc,15,95,10,7.5,110,18,93,TPm+AQ+RM,,,,,,,,,,,,,,,,,,,,,,,,,,,,,T?n �t th?i gian ch?m s�c,,,,,,,M?ng,C� thu nh?p,,,D�u,C� thu nh?p,,,,,,"Thoi tiet, khi hau thich hop ",,,,,,2015,,2,2,7,1.5,13,,,,,,,,5,,2.5,,,,,,,,,,,,,,,4,Kinh nghi?m,2,,,,,,1,,,,,3,4,,11
20,CH,TB,AH,RT,1,45,kinh,P,1,3,3,1,20,1,40,100,1.3,1.3,0,increase,IA,0.5,AH,1,4,1.3,Tre (mang),TP(m),200,bui,,3000,t?n,,,,,,Tieu,AQ,200,,2009,100,,kg,Dau da,40,2009,300,,kg,Sau rieng,10,2000,30,,kg,,,,,,,,,,,,,,,,,,TPm+AQ,Dat xam den,Doc cao,Thieu nuoc,36,14,4,2,50,6,44,TPm+AQ,,,,,,,,,,,,,,,,,,,,,,M�t,Kh�ng thu ho?ch ???c,Xo�i,Kh�ng thu ho?ch ???c,,,,D? tr?ng,Ph� h?p ??t ?ai,�t ch?m s�c,,,,,Tre m?ng,Cho thu ho?ch,,,,,,,,,,Dat trong phu hop,"Thieu nuoc tuoi, mua kho",,,,,2019,,4.8,,,2,7,,,,,,,,4,1,2,,,,,,,1,1,H?i th?o v? c�y c� m�i,3,,,,,4,B?n th�n,2,,,,,,1,,,,,34,4,,6
21,CH,TB,AH,RT,1,45,kinh,P,3,3,2,2,20,0,100,60,0.55,0.55,0,unchanged,,,SS,1,3,0.55,Tre (mang),TP(m),60,bui,1999,3000,t?n,,,,,,Sau rieng,AQ,45,,2009,6000,,t?n,"Cam, quyt",30,2010,900,,kg,,,,,,,,,,,,,,,,,,,,,,,,TPm+AQ,Dat cat pha,Doc it,Co nuoc,20,50,3,10,70,13,57,TPm+AQ,,,,,,,,,,,,,,,,,,,,,,,,,,,,,N?ng su?t ?n ??nh,S?n ph?m d? b�n,,,,,,S?u ri�ng,Gi� cao,Nhi?u tr�i,,,,,,,,,Giao thong thuan tien,"Thieu nuoc tuoi, mua kho",,,,,1989,,,,,,0,,,,,,,,6,,,,,,,,,,,,,,,,,134,Kinh nghi?m,2,,,,,,1,,,,,,3,,4
14,CH,TB,AH,VB,1,49,kinh,P,1,5,2,2,40,1,20,100,0.3,0.3,0,unchanged,,,Gi,1,2,0.3,Su su,RM,60,cay,1999,3000,t?n,,,,,,Tre (mang),TPm,50,,1999,600,,kg,,,,,,,,,,,,,,,,,,,,,,,,,,,,,,RM+TP,Dat xam den,Doc vua,Thieu nuoc,30,4,5,3,34,8,26,RM+TP,,,,,,,,,,,,,,,,,,,,,,B?,Thu nh?p th?p,S?u ri�ng,Thi?u n??c,M�ng c?u,�t thu nh?p,,Thu nh?p ??u,Gi� ?n ??nh,,,,,,Su,C� gi� tr? kinh t?,Th?i gian thu ho?ch d�i ,,,,,,,,,,Thieu von dau tu,,,,,1999,,2,,7,0,9,,,,,,,,8,0,0,,,,,,,1,1,K? thu?t tr?ng c�y c� m�i,2,,,,,3,,2,,,,,,1,,,,,,3,,4
15,CH,TB,AH,VB,1,53,kinh,P,2,2,2,2,35,1,30,100,1.8,1.8,0,unchanged,,,TN,1,5,1.8,Tre (mang),TP(m),150,bui,1985,3000,t?n,,,,,,Bo,AQ,30,,2010,600,,kg,Mang cau,70,200,300,,kg,"Cam, quyt",70,2016,,,,D�u,20,2012,500,,kg,,,,,,,,,,,,TPm+AQ,Dat cat pha,Doc vua,Co nuoc,18,10,,2,28,2,26,TPm+AQ,,,,,,,,,,,,,,,,,,,,,,,,,,,,,Ch?m s�c �t,,,,,,,Tre,?em l?i thu nh?p cao,D? s?ng,,,,,,,,,"De trong va cham soc,","Thieu nuoc tuoi, mua kho",,,,,2019,,2.5,,,2,5,,,,,,,,2,2,2,,,,,,,,,,,,,,,4,T? t�m hi?u,2,,,,,,1,,,,,34,34,,4
91,CH,TB,AH,VB,0,67,kinh,P,1,4,4,3,40,1,150,20,0.5,0.5,0,unchanged,,,TN,1,3,0.5,Tre (mang),TP(m),40,bui,1989,3000,t?n,,,,,,Bo,AQ,6,,2010,200,,kg,Dau da,30,2009,3000,,t?n,,,,,,,,,,,,,,,,,,,,,,,,TPm+AQ,Dat lan da,Doc vua,Thieu nuoc,45,15,10,1,60,11,49,TPm+AQ,,,,,,,,,,,,,,,,,,,,,,D�u,Tr?ng v�o c�y qu�t ch?t,,,,,,�t ch?m,N?ng su?t ?n ??nh,,,,,,Tre,C� n?ng su?t,,,D�u,C� n?ng su?t,,,,,,"De trong va cham soc,",Phu thuoc vao thoi tiet,,,,,2015,,1.5,,1.5,,3,,,,,,,,2,,,,,,,,,1,2,K? thu?t tr?ng c�y,2,,,,,134,Kinh nghi?m,2,,,,,,1,,,,,12,4,4,4
75,CH,TB,AH,VD,1,76,kinh,P,1,2,2,2,60,0,200,90,5.1,5.1,0,decrease,DC,-1,TN,2,5,1.1,Tre (mang),TP(m),,,1980,2000,t?n,,,,,,Dau da,AQ,150,,1980,2500,,t?n,Sau rieng,70,1983,300,,kg,Bo,,2019,,,,D?a,,2010,,,,,,,,,,,,,,,TPm+AQ,,Doc it,Thieu nuoc,20,30,5,,50,5,45,TPm+AQ,4,Tre (m?ng),,1980,8,t?n,D�u,,1980,,,S?u ri�ng,,1985,,,D?a,,2010,,,Su su,Th?i ti?t kh�ng thu?n l?i (do th?i ti?t �t l?nh kh�ng ph� h?p). B? kh�ng tr?ng n?a,,,,,,C� thu nh?p quanh n?m v� c� nhi?u lo?i s?n ph?m c�c m�a,,,,,,,S?u ri�ng,Gi� cao,,,,,,,,,,"Thoi tiet, khi hau thich hop ",Bi mat trom,B?,N??c �t,,,,,,,,,0,,,,,,,,,,,,,,,,,,,,,,,,,4,Kinh nghi?m,2,,,,,,1,,,,,3,,,11
77,CH,TB,AH,VD,1,45,kinh,P,2,2,2,2,4,0,150,65,1.8,1.8,0,unchanged,,,TN+Gi,1,7,1.8,Tre (mang),TP(m),80,bui,2000,2000,t?n,,,,,,Su su,RMTP,,,,1000,,t?n,Dua,65,1990,,,,Bo,6,2010,800,,kg,S?u ri�ng,8,1990,300,,kg,B??i,300,2018,,,,?i,120,2018,,,TPm+AQ+RM,,Doc vua,Thieu nuoc,30,100,,43,130,43,87,TPm+AQ+RM,,,,,,,,,,,,,,,,,,,,,,B??i,Th?y c� gi� cao n�n tr?ng,?i,Th?y c� gi� cao n�n tr?ng,,,,C�y tr?ng ?a d?ng,,,,,,,Su su,L??ng thu cao,,,,,,,,,,Dat trong phu hop,Gia ca bap benh,,,,,2018,,15,,18,10,43,,,,,,,,,,,,,,,,,1,2,Thi?t k? v??n c�y ?n tr�i. K? thu?t tr?ng c�y c� m�i,3,,,,,24,Kinh nghi?m,1,1,20,12,0.8,1,,,,,,34,2,2,11
87,CH,TB,AH,VD,1,73,kinh,HN,1,2,2,1,40,0,30,80,0.5,0.5,0,unchanged,,,TN,1,3,0.5,Tre (mang),TP(m),40,bui,2000,2000,t?n,,,,,,Dau da,AQ,,,2010,2000,,t?n,Sapoche,2,2010,100,,kg,,,,,,,,,,,,,,,,,,,,,,,,TPm+AQ,,Doc vua,Thieu nuoc,10,20,,1.5,30,2,29,TPm+AQ,,,,,,,,,,,,,,,,,,,,,,M�t,Gi� th?p (kh�ng tr?ng n?a),,,,,,?em l?i thu nh?p,,,,,,,D�u,Thu ti?n nhi?u nh?t,,,,,,,,,,Dat trong phu hop,,,,,,2010,,0.2,,,,,,,,,,,,0.5,1,,,,,,,,,,,,,,,,4,Kinh nghi?m,2,,,,,,1,,,,,3,,,411
63,CH,TB,AH,RT,1,63,kinh,K,1,3,3,2,30,1,50,100,1,1,0,unchanged,,,SS,1,4,1,Tre (mang),TP(m),200,bui,2000,2000,t?n,,,,,,Dau da,AQ,100,,2000,300,,kg,Sau rieng,50,2000,300,,kg,Bo,50,2000,200,,kg,,,,,,,,,,,,,,,,,,TPm+AQ,Dat xam den,Doc cao,Co nuoc,15,17,3,5,32,8,24,TPm+AQ,,,,,,,,,,,,,,,,,,,,,,,,,,,,,C�y ph�t tri?n t?t,Thu ho?ch li�n t?c,,,,,,D�u,S? l??ng nhi?u,Gi� ?n ??nh,,,,,,,,,,Giao thong kho khan,,,,,2000,,1,,10,2,13,,,,,,,,5,3,1,,,,,,,,,,,,,,,3,,2,,,,,,5,Kh�ng ???c vay,,,,,,2,4
40,CH,TB,AH,RT,0,39,kinh,P,1,5,3,2,23,0,50,100,1,1,0,unchanged,,,AH,1,7,1,Tre (mang),TP(m),60,bui,1998,2000,t?n,,,,,,Sau rieng,AQ,10,,1998,25,,kg,Su su,80,2018,,,,Bo,10,1998,600,,kg,Qu�t,20,2015,,,,Ti�u,20,2003,25,,kg,D�u,20,2003,200,kg,TPm+AQ+RM,Dat cat pha,Doc cao,Thieu nuoc,20,37,1,7.5,57,9,49,TPm+AQ+RM,,,,,,,,,,,,,,,,,,,,,,,,,,,,,Thu ho?ch ?n ??nh,Kh�ng ch?m s�c,,,,,,Tre,Gi� tr? kinh t? cao,Kh�ng t?n chi ph�,,,,,,,,,"De trong va cham soc,",De bi sau benh hai,,,,,2019,,7,,,2,9,,,,,,,,2,4,4,,,,,,,,,,,,,,,4,B?n th�n,2,,,,,,1,,,,,34,34,,4
64,CH,TB,AH,RT,0,34,kinh,P,1,4,2,2,10,0,25,50,0.5,0.5,0,unchanged,,,TN,1,2,0.5,Tre (mang),TP(m),60,bui,2008,2000,t?n,,,,,,Bo,AQ,50,,2008,1000,,t?n,,,,,,,,,,,,,,,,,,,,,,,,,,,,,,TPm+AQ,Dat lan da,Doc vua,Thieu nuoc,10,10,0.3,0.5,20,1,19,TPm+AQ,,,,,,,,,,,,,,,,,,,,,,D�u,Do b? ch?t y?u,,,,,,D? tr?ng,??u t? �t,Thu ho?ch ??u,,,,,Tre,C� thu nh?p th??ng xuy�n,,,,,,,,,,,Thieu ky thuat trong,,,,,2017,,0.6,,0.1,0,1,,,,,,,,0.8,0,0,,,,,,,1,1,K? thu?t tr?ng v� ch?m s�c c�y b?,3,,,,,4,Kinh nghi?m,2,,,,,,1,,,,,,,,16
80,CH,TB,AH,TT,0,62,kinh,P,2,4,3,2,40,1,80,50,1.2,1.2,0,unchanged,,,TN,1,2,1.2,Tre (mang),TP(m),350,bui,1977,2000,t?n,,,,,,Dua,AQ,20,,1977,750,300,tr�i,,,,,,,,,,,,,,,,,,,,,,,,,,,,,,TPm+AQ,Dat xam den,Doc cao,Thieu nuoc,10,4,2,,14,2,12,TPm+AQ,,,,,,,,,,,,,,,,,,,,,,,,,,,,,Kh� tr?ng ???c c�y kh�c,,,,,,,Tre,Kh�ng c?n ch?m s�c,,,,,,,,,,"De trong va cham soc,","Thieu nuoc tuoi, mua kho",,,,,,,,,,,,,,,,,,,,,,,,,,,,,,,,,,,,3,,2,,,,,,1,,,,,,,,4
66,CH,TB,AH,VB,1,66,kinh,P,2,2,2,2,31,1,120,90,2,2,0,unchanged,,,TN,1,2,2,Tre (mang),TP(m),230,bui,1999,2000,t?n,,,,,,Dau da,AQ,500,,1999,7000,,t?n,,,,,,,,,,,,,,,,,,,,,,,,,,,,,,TPm+AQ,Dat lan da,Doc vua,Thieu nuoc,65,45,25,15,110,40,70,TPm+AQ,,,,,,,,,,,,,,,,,,,,,,,,,,,,,�t t??i,C�y d�u ph� h?p v?i v�ng ??t,,,,,,D�u,D? b�n,,,Tre,"D? b�n, lu�n cho m?ng ??u",,,,,,Cay giong de mua,Gia ca bap benh,,,,,1999,,4,,,,4,,,,,,,,12,,5,,,,,,,1,1,K? thu?t tr?ng c�y,2,,,,,34,Kinh nghi?m,2,,,,,,1,,,,,,,,4
70,CH,TB,AH,VB,1,60,kinh,P,1,2,2,1,19,1,35,50,0.7,0.7,0,unchanged,,,K,1,5,0.7,Tre (mang),TP(m),50,bui,,2000,t?n,,,,,,Chuoi,RMTP,30,,,,,,Bo,20,2003,100,,kg,Sau rieng,5,2001,,,,Xo�i,60,2004,,,,,,,,,,,,,,,TPm+AQ,Dat xam den,Doc vua,Thieu nuoc,16,1.5,2,1,18,3,15,TPm+AQ,,,,,,,,,,,,,,,,,,,,,,M�t,C�n tr�ng v� ??ng v?t h?i,D�u,Kh�ng cho hi?u qu? kinh t?,,,,Kh�ng ch?m s�c,,,,,,,Tre,Thu ho?ch ???c s?n l??ng ?n,Gi� c? ?n ??nh,,,,,,,,,"Thoi tiet, khi hau thich hop ","Thieu nuoc tuoi, mua kho",,,,,2019,,1.2,,,1,2,,,,,,,,3,1,1,,,,,,,1,2,K? thu?t tr?ng c�y c� m�i,2,,,,,4,T? th�n l�m,2,,,,,,1,,,,,34,34,,6
78,V,TB,AH,TT,0,52,kinh,P,1,3,3,2,20,1,200,10,0.9,0.9,0,unchanged,,,K,1,6,0.9,Tre (mang),TP(m),300,bui,1994,2000,t?n,,,,,,Su su,RMTP,,,,1000,,t?n,Mang cau,,2015,,,,Vu sua,,2015,,,,Xo�i,50,2015,,,,D�u,50,2015,,,,,,,,,TPm+AQ+RM,Dat lan da,,Thieu nuoc,8,5,1.7,1.7,13,3,10,TPm+AQ+RM,,,,,,,,,,,,,,,,,,,,,,?i?u,Kh�ng c� gi�,,,,,,C�y tr?ng th�ch h?p,�t t?n c�ng,,,,,,M?ng,Thu li�n t?c,K�o d�i,,,,,,,,,,Thieu von dau tu,,,,,2015,,2,,1,0.5,4,,,,,,,,1.1,,0.355,,,,,,,,,,,,,,,2,,2,,,,,,5,Tr?ng �t n�n kh�ng c?n vay,,,,3,,,4
68,V,TB,AH,VB,0,48,kinh,P,1,4,4,2,30,1,200,50,0.58,0.58,0,unchanged,,,K,1,5,0.58,Tre (mang),TP(m),120,bui,1985,2000,t?n,,,,,,Cam quyt,AQ,500,,2014,,,,Mang cau,50,2014,500,,kg,Sau rieng,50,2014,1000,,t?n,D?a,50,2018,,,,,,,,,,,,,,,TPm+AQ,Dat lan da,Doc vua,Thieu nuoc,50,100,4,30,150,34,116,TPm+AQ,,,,,,,,,,,,,,,,,,,,,,,,,,,,,C�y s?ng l�u,Gi� c? ?n ??nh,,,,,,Qu�t,Gi� cao,?n ??nh,,,,,,,,,Dat trong phu hop,"Khong du dieu kien, ky thuat",,,,,2014,,15,,10,3,28,,,,,,,,15,,7,,,,,,,,,,,,,,,4,Kh�ng c� th?i gian,2,,,,,,1,,,,,,,2,4
65,V,TB,AH,RT,0,44,kinh,HN,1,5,4,2,20,0,85,60,1.5,1.5,0,increase,IA,0.15,TN,1,4,1.5,Tre (mang),TP(m),70,bui,2003,1500,t?n,,,,,,Cam quyt,AQ,40,,2015,,,,Bo,30,2012,500,,kg,Su su,40,2019,500,,kg,,,,,,,,,,,,,,,,,,TPm+AQ,Dat lan da,Doc vua,Thieu nuoc,18,32.5,0.5,1.5,51,2,49,TPm+AQ,,,,,,,,,,,,,,,,,,,,,,D�u,Kh�ng cho thu ho?ch,Xo�i,Kh�ng cho thu ho?ch,S?u ri�ng,Kh�ng cho thu ho?ch,,??t ?ai ph� h?p c�y tr?ng,Chi ph� ch?m s�c �t,,,,,,Tre,Thu nh?p cao,Kh�ng ch?m s�c,,,,,,,,,Dat trong phu hop,Giao thong kho khan,,,,,2019,,1,,,2,3,,,,,,,,2,2,2,,,,,,,,,,,,,,,1,B?n th�n,2,,,,,,1,,,,,34,34,,4
82,CH,TB,AH,VD,1,35,kinh,K,2,6,2,2,15,0,100,15,0.8,0.8,0,unchanged,,,SS,1,4,0.8,Tre (mang),TP(m),50,bui,2000,1500,t?n,,,,,,Bo,AQ,10,,2013,,,,Sau rieng,10,2013,,,,Xoai,10,2009,,,,,,,,,,,,,,,,,,,,,TPm+AQ,,Doc it,Co nuoc,20,5,5,,25,5,20,TPm+AQ,,,,,,,,,,,,,,,,,,,,,,D�u,�t thu nh?p (B? kh�ng tr?ng n?a),H?ng qu�n,�t thu nh?p (B? kh�ng tr?ng n?a),,,,Kh�ng t?n nhi?u th?i gian,,,,,,,Tre,Thu nh?p ch�nh,,,,,,,,,,Dat trong phu hop,,,,,,2013,,10,,0.5,,11,,,,,,,,0.5,0.5,,,,,,,,,,,,,,,,4,Kinh nghi?m,2,,,,,,15,Kh�ng chuy�n v? s?n xu?t n�ng nghi?p n�n kh�ng ??u t? nhi?u,,,,3,,,11
73,CH,TB,AH,VB,1,56,kinh,P,1,1,1,1,30,0,50,50,1.15,1.15,0,unchanged,,,K,1,3,1.15,Tre (mang),TP(m),600,bui,1985,1500,t?n,,,,,,Dau da,AQ,400,,1995,2500,,t?n,Sau rieng,15,1995,300,,kg,,,,,,,,,,,,,,,,,,,,,,,,TPm+AQ,Dat xam den,,Thieu nuoc,15,15,5,5,30,10,20,TPm+AQ,,,,,,,,,,,,,,,,,,,,,,,,,,,,,??t ?ai m�u m?,C�y c� n?ng su?t,,,,,,M?ng,Thu li�n t?c,,,,,,,,,,Dat trong phu hop,Mat nhieu cong cham soc,,,,,1995,,7,,3,1.5,12,,,,,,,,5,1.3,1.3,,,,,,,,,,,,,,,1,,2,,,,,,5,Kh�ng c� qu? v?n ?? vay,,,,,,2,11
84,CH,TB,AH,VB,1,33,kinh,P,2,4,2,2,1,1,70,30,0.3,0.3,0,unchanged,,,TN,1,2,0.3,Tre (mang),TP(m),30,bui,1999,1200,t?n,,,,,,Dau da,AQ,30,,2011,800,,kg,,,,,,,,,,,,,,,,,,,,,,,,,,,,,,TPm+AQ,Dat lan da,Doc vua,Thieu nuoc,6,9,0.75,0.75,15,2,14,TPm+AQ,,,,,,,,,,,,,,,,,,,,,,,,,,,,,Ph� h?p ??t ,D? tr?ng,,,,,,D�u,C� n?ng su?t,,,,,,,,,,"De trong va cham soc,",,,,,,2011,,2,,,,2,,,,,,,,1.5,,,,,,,,,,,,,,,,,3,,2,,,,,,1,,,,,,Giao th�ng,M? ???ng l?n,4
29,CH,TB,AH,VB,1,37,kinh,P,1,4,2,1,20,0,100,50,0.4,0.4,0,unchanged,,,SS+TN,1,4,0.4,Tre (mang),TP(m),30,cay,1990,1000,t?n,Su,40,2000,1000,t?n,Mit,AQ,20,,2000,800,,kg,Dau da,20,2000,1000,,t?n,,,,,,,,,,,,,,,,,,,,,,,,TPm+AQ+RM,Dat lan da,Doc vua,Thieu nuoc,25,30,2,5,55,7,48,TPm+AQ+RM,,,,,,,,,,,,,,,,,,,,,,,,,,,,,C� thu nh?p ??u,??t ph� h?p,,,,,,D�u,C� gi� cao,,,,,,,,,,Co gia tri kinh te,Bi phan gia nhieu,,,,,2000,,1.4,,4,0,5,,,,,,,,5,0,0,,,,,,,,,,,,,,,4,Kinh nghi?m,2,,,,,,1,,,,,,,,4
44,CH,TB,AH,TT,1,42,kinh,P,3,4,2,1,20,1,20,50,0.25,0.25,0,decrease,K,,SS,1,4,0.25,Tre (mang),TP(m),100,bui,1999,1000,t?n,,,,,,Sau rieng,AQ,50,,1999,150,,kg,Bo,50,1999,30,,kg,Dau da,15,1999,500,,kg,,,,,,,,,,,,,,,,,,TPm+AQ,Dat cat pha,Doc vua,Co nuoc,10,15,2,3,25,5,20,TPm+AQ,,,,,,,,,,,,,,,,,,,,,,,,,,,,,"Thu ho?ch nhi?u, ??u",,,,,,,Tre,"Thu ho?ch nhi?u, d�i",,,D�u,S?n l??ng nhi?u,,,,,,"De trong va cham soc,","Thieu nuoc tuoi, mua kho",,,,,2000,,7,,2,2,11,,,,,,,,2,3,0,,,,,,,1,1,K? thu?t tr?ng v� ch?m s�c c�y b?,2,,,,,4,Kinh nghi?m,2,,,,,,1,,,,,34,14,2,411
22,V,TB,AH,RT,0,41,kinh,HN,2,5,2,2,20,0,15,70,0.6,0.6,0,unchanged,,,TN,1,2,0.6,Tre (mang),TP(m),70,bui,2002,1000,t?n,,,,,,Chom chom,AQ,40,,2019,,,,,,,,,,,,,,,,,,,,,,,,,,,,,,,,,TPm+AQ,,Doc vua,Co nuoc,20,,5,,20,5,15,TPm+AQ,,,,,,,,,,,,,,,,,,,,,,B??i da xanh,N?ng su?t cao,,,,,,�t th?i gian ch?m s�c,,,,,,,M?ng,Kh�ng c� th?i gian nhi?u,�t chi ph�,,,,,,,,,"Thoi tiet, khi hau thich hop ",,B??i da xanh,"M?a nhi?u, n?ng su?t cao",,,2019,,,1.5,1.6,,3,,,,,,,,,,5,,,,,,,,,,,,,,,24,Kinh nghi?m,2,,,,,,5,Kh�ng c� ch�nh s�ch vay v?n h? tr?,,,,3,24,24,4
19,CH,TB,AH,TT,0,31,kinh,K,1,5,2,1,11,0,40,70,1,1,0,unchanged,,,TN,1,4,1,Bo,AQ,300,cay,2008,1000,t?n,,,,,,Mang cut,AQ,200,,2008,500,,kg,Tre (mang),100,2018,,ch?a thu,,Tieu,80,2008,50,,kg,,,,,,,,,,,,,,,,,,TPm+AQ,Dat cat pha,Doc vua,Co nuoc,30,10,6,4,40,10,30,TPm+AQ,,,,,,,,,,,,,,,,,,,,,,D�u,Kh�ng c� n??c,,,,,,C� gi� cao,,,,,,,B?,Thu ho?ch ???c nhi?u,,,,,,,,,,,"Thieu nuoc tuoi, mua kho",,,,,2008,,2,,2.6,0,5,,,,,,,,8,0,0,,,,,,,,,,,,,,,4,Kinh nghi?m,2,,,,,,1,,,,,4,3,3,4
58,V,TB,AH,RT,0,69,kinh,P,1,5,4,3,40,1,50,80,0.9,0.9,0,unchanged,,,SS,1,6,0.9,Tre (mang),TP(m),30,bui,2012,1000,t?n,Sao,,1989,Ch?a thu,,Dau da,AQ,100,,2012,,,,Sau rieng,30,2015,300,,kg,Bo,50,2015,,,,?inh l?ng,100,2015,100,,kg,,,,,,,,,,,,TPm+AQ,Dat xam den,Doc vua,Co nuoc,15,25,2,2,40,4,36,TPm+AQ,,,,,,,,,,,,,,,,,,,,,,,,,,,,,�t t?n c�ng ch?m s�c,,,,,,,C�y n�o c?ng ?em l?i hi?u qu? kinh t? cao,Thu ho?ch li�n t?c,L�c n�o c?ng c� c�i ?? b�n,,,,,,,,,,Mat nhieu cong cham soc,,,,,2015,,2,,2,1,5,,,,,,,,2,,2,,,,,,,,,,,,,,,4,Kh�ng h?c,2,,,,,,1,,,,,3,,,4
54,CH,TB,AH,VB,1,43,kinh,P,1,4,1,1,10,1,25,50,0.24,0.24,0,unchanged,,,TN,1,2,0.24,Dau da,AQ,85,cay,2008,900,kg,,,,,,Tre (mang),TPm,150,,1994,100,,kg,,,,,,,,,,,,,,,,,,,,,,,,,,,,,,TPm+AQ,Dat cat pha,Doc it,Thieu nuoc,10,5,1,0,15,1,14,TPm+AQ,,,,,,,,,,,,,,,,,,,,,,,,,,,,,D? ch?m s�c,,,,,,,D�u,C� n?ng su?t,,,M?ng,"Cho thu nh?p, �t ??u t?",,,,,,,,,,,,2008,,1,,0.4,0,1,,,,,,,,0.5,0,0,,,,,,,1,1,Quy tr�nh ch?m s�c c�y s?u ri�ng,3,,,,,4,Kinh nghi?m,1,1,50,60,0.72,3,,,,,,,4,,6
55,CH,TB,AH,TT,1,40,kinh,P,4,4,2,2,24,0,250,100,2.1,2.1,0,unchanged,,,SS,2,3,1.6,Hong quan,AQ,100,c�y,2012,900,kg,,,,,,Bo,AQ,200,,2017,,,,"Cam, quyt",300,2018,,,,,,,,,,,,,,,,,,,,,,,,,,,AQ,Dat cat pha,Doc cao,Co nuoc,150,50,70,7,200,77,123,AQ,0.5,Su,200,2018,10,t?n,,,,,,,,,,,,,,,,,,,,,,,Ch?u h?n,Th�ch nghi ??a h�nh,Lo?i c�y tr?ng cho gi� cao,,,,,H?ng qu�n,Ch?u h?n,Th�ch nghi ??a h�nh,Lo?i c�y tr?ng cho gi� cao,,,,,,,,Nguon thu on dinh,"Thieu nuoc tuoi, mua kho",,,,,2019,,,,2,2,4,2019,,10,,10,2,25,2,2,2,10,2,2,,,,,,,,,,,,14,S�ch v?,2,,,,,,1,,,,,34,34,4,11
88,CH,TB,AH,VB,1,70,kinh,HN,1,2,2,2,29,1,20,100,1.17,1.17,0,unchanged,,,SS,1,4,1.17,Tre (mang),TP(m),100,bui,1995,450,kg,,,,,,Sau rieng,AQ,5,,2000,50,,kg,Dua,4,1995,1000,400,tr�i,Bo,5,2000,100,,kg,,,,,,,,,,,,,,,,,,TPm+AQ,Dat xam den,Doc vua,Co nuoc,14,6,1,1,20,2,18,TPm+AQ,,,,,,,,,,,,,,,,,,,,,,Qu�t,"Kh�ng c� th?i gian ch?m s�c, c�y c�i c?c, b?nh",,,,,,,,,,,,,M?ng,Thu li�n t?c,,,,,,,,,,"Thoi tiet, khi hau thich hop ","Khong du dieu kien, ky thuat",,,,,2000,,0.5,,2,,3,,,,,,,,1,,0.5,,,,,,,,,,,,,,,4,Kh�ng c� th?i gian,2,,,,,,5,"Tu?i cao, kh�ng tr?ng ???c nhi?u",,,,,,,4
3,CH,TB,AH,TT,1,52,kinh,P,1,4,4,3,8,0,100,60,0.45,0.45,0,unchanged,,,SS,1,4,0.45,Tre (mang),TP(m),100,bui,2013,400,kg,,,,,,Chuoi,RMTP,50,,2014,1650,150,bu?ng (m?i bu?ng 10 - 12 n?i),Bo,150,2015,2000,,t?n,Dau xanh,20,2013,750,,kg,,,,,,,,,,,,,,,,,,TPm+AQ+RM,Dat xam den,Doc vua,Co nuoc,3,70,1,2,73,3,70,TPm+AQ+RM,,,,,,,,,,,,,,,,,,,,,,,,,,,,,Thu ho?ch quanh n?m,,,,,,,b?,Cho tr�i nhi?u,�t m?t gi�,,,,,,,,,,"Thieu nuoc tuoi, mua kho",,,,,2013,,3,,1.5,0.5,5,,,,,,,,,0.75,0.45,,,,,,,,,,,,,,,3,,2,,,,,,1,,,,,,4,,4
79,CH,TB,AH,VB,1,40,kinh,HN,3,4,2,2,5,0,70,50,0.8,0.8,0,unchanged,,,SS,1,3,0.8,Tre (mang),TP(m),500,bui,2014,300,kg,,,,,,Cam quyt,AQ,350,,2014,,Ch?a thu,,Bo,50,2014,100,,kg,,,,,,,,,,,,,,,,,,,,,,,,TPm+AQ,Dat xam den,Doc cao,Co nuoc,15,5,5,5,20,10,10,TPm+AQ,,,,,,,,,,,,,,,,,,,,,,,,,,,,,Kh�ng t?n nhi?u c�ng lao ??ng,,,,,,,Qu�t,Gi� tr? cao,Gi� c? ?n ??nh,,,,,,,,,"Thoi tiet, khi hau thich hop ","Thieu nuoc tuoi, mua kho",,,,,2014,,13,,8,4,25,,,,,,,,8,1,1,,,,,,,1,6,"K? thu?t s? d?ng thu?c BVTV, Gh�p c�y c� m�i",1,,,,,123,,1,1,50,60,0.75,2,,,,,,2,,,4
33,CH,TB,AH,RT,1,56,kinh,K,1,2,1,1,4,1,50,80,0.23,0.23,0,unchanged,,,SS,1,4,0.23,Tre (mang),TP(m),50,bui,2016,300,kg,,,,,,Sau rieng,AQ,20,,2015,100,,kg,Dau da,40,2016,300,,kg,Buoi,15,2016,100,,kg,,,,,,,,,,,,,,,,,,TPm+AQ,Dat lan da,Doc cao,Co nuoc,1.5,8,1,1,10,2,8,TPm+AQ,,,,,,,,,,,,,,,,,,,,,,,,,,,,,C�y d? tr?ng,�t ch?m s�c,,,,,,M?ng,B�n gi� cao,D? tr?ng,,,,,,,,,Dat trong phu hop,Thieu ky thuat trong,,,,,2016,,2.125,,1,,3,,,,,,,,1,,0.5,,,,,,,,,,,,,,,2,,2,,,,,,1,,,,,3,,,4
27,CH,TB,AH,RT,0,56,kinh,P,1,8,5,2,15,0,100,10,0.1,0.1,0,unchanged,,,TN+K,1,3,0.1,Tre (mang),TP(m),55,bui,1999,200,kg,,,,,,Bo,AQ,10,,2015,1500,,t?n,Tieu,15,2015,8500,,t?n,,,,,,,,,,,,,,,,,,,,,,,,TPm+AQ,,Doc it,Thieu nuoc,50,10,5,3,60,8,52,TPm+AQ,,,,,,,,,,,,,,,,,,,,,,,,,,,,,Ng?n nu�i d�i,,,,,,,M?ng,Thu ???c nhi?u ??t,,,,,,,,,,,"Thieu nuoc tuoi, mua kho",,,,,2015,,0.5,,1,,2,,,,,,,,2.5,,,,,,,,,,,,,,,,,4,Kinh nghi?m,2,,,,,,1,,,,,,4,,1
23,CH,TB,AH,RT,1,59,kinh,K,1,5,2,2,25,1,30,100,1.38,1.38,0,unchanged,,,SS,1,6,0.72,Tre (mang),TP(m),100,bui,1994,200,kg,,,,,,Bo,AQ,25,,2013,100,,kg,Mang cau,4,2012,50,,kg,Sau rieng,7,2012,100,,kg,Qu�t,500,2017,,,,D?a,10,2017,,,,,,,,,TPm+AQ,Dat xam den,Doc cao,Co nuoc,14,7,1,2,21,3,18,TPm+AQ,,,,,,,,,,,,,,,,,,,,,,,,,,,,,?n ??nh,,,,,,,M?ng,Thu li�n t?c,,,,,,,,,,,"Thieu nuoc tuoi, mua kho",,,,,2012,,5,,1,,6,,,,,,,,2,,1,,,,,,,,,,,,,,,4,Kh�ng h?c,2,,,,,,1,,,,,,3,,4
26,CH,TB,AH,RT,0,62,kinh,P,2,2,2,2,44,0,80,10,0.2,0.2,0,unchanged,,,TN,1,6,0.2,Tre (mang),TP(m),25,bui,1995,200,kg,,,,,,Saboche,AQ,10,,2002,100,,kg,Buoi,20,2009,,,,"Cam, quyt",100,2009,200,,kg,B?,20,2015,,,,D�u,20,2015,200,,kg,,,,,,TPm+AQ,Dat cat pha,Doc vua,Thieu nuoc,12,7,,,19,0,19,TPm+AQ,,,,,,,,,,,,,,,,,,,,,,Chu?i,"Gi� c�i, b?",M�t,"Gi� c�i, b?",M?ng c?t,"Gi� c�i, b?",,Nhi?u ??t tr�i,D? b�n,,,,,,Tre,D? b�n,D? tr?ng,Kh�ng ch?m s�c,,,,,,,,"Thoi tiet, khi hau thich hop ","Dat doc, thieu nuoc",,,,,2015,,2,,2,,4,,,,,,,,,,,,,,,,,,,,,,,,,3,,1,1,30,60,0.6,2,,,,,,,,4,4
4,CH,TB,AH,TT,1,65,kinh,P,2,3,3,2,50,1,50,80,0.2,0.2,0,unchanged,,,SS,1,2,0.2,Sau rieng,AQ,30,cay,2014,200,kg,,,,,,Chuoi,AQ,30,,2014,500,,kg,,,,,,,,,,,,,,,,,,,,,,,,,,,,,,AQ,Dat cat pha,Doc vua,Co nuoc,25,25,5,5,50,10,40,AQ,,,,,,,,,,,,,,,,,,,,,,,,,,,,,Gi� cao,,,,,,,S?u ri�ng,Gi� cao,,,,,,,,,,Nguoi trong co kinh nghiem,Mat nhieu cong cham soc,,,,,2014,,0.1,,10,0,10,,,,,,,,10,0,0,,,,,,,,,,,,,,,1,,2,,,,,,1,,,,,,4,,4
50,CH,TB,AH,TT,1,54,kinh,P,2,5,5,3,42,0,70,40,0.46,0.46,0,unchanged,,,Gi,2,4,0.52,Tre (mang),TP(m),20,b?i,2002,20,kg,,,,,,Sau rieng,AQ,20,,2009,75,,kg,Bo,20,2009,120,,kg,Dau da,150,2012,700,,kg,,,,,,,,,,,,,,,,,,TPm+AQ,Dat cat pha,Doc vua,Thieu nuoc,10,16,3,6.4,26,9,17,TPm+AQ,0.14,Su,40,2019,600,kg,,,,,,,,,,,,,,,,Xo�i,Kh�ng c� tr�i,M�t,"Kh�ng c� qu?, s�u h?i",Keo,"Kh�ng c� gi� tr? kinh t?, tr?ng theo ch�nh s�ch nh� n??c",,Cho thu ho?ch c�c m�a trong n?m,Thu nh?p ?n,,,,,,Tre,???c gi�,D? ch?m s�c,Thu ho?ch ?n ??nh,,,,,,,,"Thoi tiet, khi hau thich hop ","Nang suat thap, bap benh",,,,,2018,,4.5,,,3,8,,,,,,,,7.8,2,3,,,,,,,,,,,,,,,3,,2,,,,,,1,,,,,34,4,4,4
52,CH,TB,AH,VD,0,46,kinh,K,1,5,2,2,8,0,100,10,1.31,1.31,0,decrease,DA,,TN,2,5,0.97,Tre (mang),TP(m),200,b?i,1999,,,Sao,20,1993,,,Sau rieng,AQ,10,,2000,100,,kg,Nghe,20,2010,,,,"Cam, quyt",200,,,,,,,,,,,,,,,,,,,,,,LN+TPm+AQ,,Doc it,Thieu nuoc,5,20,0.5,,25,1,25,LN+TPm+AQ,0.34,Tre (m?ng),,1999,,,B?,10,2016,500,kg,m�ng c?u,30,2017,50,kg,D�u,30,2009,100,kg,M�t,"S�u b?nh, gi� kh�ng cao",Su,Th?i ti?t kh� kh?n,,,,Kh�ng c?n ch?m s�c,,,,,,,Tre,Gi� cao,,,S?u ri�ng,Gi� cao,,,,,,,Bi mat trom,,,,,2018,,,,,,0,,,,,,,,0.5,,,,,,,,,,,,,,,,,4,Kinh nghi?m,2,,,,,,15,kh�ng nhu c?u vay v?n,,,,,3,,4
60,CH,TB,AH,AH,1,53,kinh,K,1,4,3,1,26,0,370,70,10.5,0.5,10,increase,IA,0.5,TN,2,2,10,Giang huong,LN,1000,c�y,1993,,,Keo,1000,1993,,,,,,,,,,,,,,,,,,,,,,,,,,,,,,,,,,,,,,,,LN,Dat lan da,Doc cao,Thieu nuoc,115,15,35,10,130,45,85,LN,0.5,Tre ,100,1989,3,t?n,Xo�i,,1989,3500,T?n,,,,,,,,,,,,,,,,,,Thu nh?p ?n ??nh,L?y ng?n nu�i d�i,,,,,,Xo�i,Gi� tr? cao,,,,,,,,,,Dat trong phu hop,"Ton dien tich, lau thu hoach",,,,,2019,,,,,4,4,2019,,,,,2,,,1,,2,1,2,,,,,,,,1,3,H??ng d?n k? thu?t tr?ng xo�i,2,23,,2,,,,,,1,,,,,34,34,,4
35,CH,TB,AH,RT,1,74,kinh,K,1,1,1,1,25,0,30,20,1.5,1,0.5,unchanged,,,AH,2,2,0.5,Sao den,LN,50,c�y,1992,,,Keo,50,1994,,,,,,,,,,,,,,,,,,,,,,,,,,,,,,,,,,,,,,,,LN,Dat cat pha,,,,,,,,,,LN,1,Tre (m?ng),100,,1500,t?n,B?,20,2008,400,kg,Ch�m ch�m,40,2009,80,kg,,,,,,,,,,,,,Thu ho?ch ?n ??nh,L?y ng?n nu�i d�i,,,,,,Tre,Kh�ng ch?m s�c,Gi� tr? cao,,,,,,,,,Dat trong phu hop,"Thieu nuoc tuoi, mua kho",,,,,2019,,10,,,1,11,,,,,,,,,1,3,,,,,,,,,,,,,,,3,,2,,,,,,1,,,,,34,4,,11
59,CH,TB,AH,TT,1,46,kinh,P,2,4,2,1,30,0,200,75,3.4,3.4,0,unchanged,,,SS,2,4,1.9,Sao den,LN,55,c�y,1997,,,Tr�m,1000,1997,,,Chuoi,RMTP,500,,1980,1000,,t?n,Tieu,100,1980,5,,kg,,,,,,,,,,,,,,,,,,,,,,,,LN+AQ,Dat cat pha,Doc vua,Co nuoc,0,130,0,25,130,25,105,LN+AQ,1.5,Tre,300,1990,1,t?n,D�u,150,1980,1000,t?n,S?u ri�ng,200,1980,,,B?,30,1980,300,kg,S?u ri�ng,C� gi� tr? kinh t?,B?,T?ng th�m thu nh?p,,,,C� gi� tr? cao,Thu nh?p cao,,,,,,Tre,Thu ho?ch nhi?u,,,,,,,,,,Dat trong phu hop,Cay che bong cay khac,,,,,1980,5,,,,,5,1990,,19,,10,20,,5,0,0,10,20,70,,,,1,1,K? thu?t chi?t gh�p,2,,,,,123,,2,,,,,,1,,,,,,14,2,811
12,Co,TB,AH,TT,1,25,kinh,P,3,7,6,4,9,0,125,25,0.35,0.35,0,decrease,DA,-0.2,TN+Gi,1,5,0.35,Sao den,LN,25,cay,2009,,,Tr�m,15,2009,,,Dau da,AQ,40,,2013,2000,,t?n,Mit,10,2009,,,,Tre (mang),13,2000,3000,,t?n,,,,,,,,,,,,,,,,,,LN+TPm+AQ,Dat xam den,Doc vua,Thieu nuoc,,50,,8,50,8,42,LN+TPm+AQ,,,,,,,,,,,,,,,,,,,,,,M�t,"Gi?m s? l??ng, ch? ?? nh� ?n do ?i?u ki?n kh�ng thu?n l?i cho m�t ph�t tri?n",B?,Thu nh?p cao,S?u ri�ng,Thu nh?p cao,,Ng?n nu�i d�i,,,,,,,M?ng,???c m�a,???c gi�,,,,,,,,,Dat trong phu hop,"Thieu nuoc tuoi, mua kho",,,,,2019,,1.5,,9,,11,,,,,,,,10,,,,,,,,,,,,,,,,,4,Kinh nghi?m,2,,,,,,1,,,,,3,4,3,11
47,CH,TB,AH,VD,1,50,kinh,HN,1,4,4,2,40,0,150,30,0.37,0.37,0,unchanged,,,TN,1,4,0.37,Sao den,LN,250,cay,1998,,,Tre (m?ng),35,1998,,,Sau rieng,AQ,205,,2003,400,,kg,Bo,10,,300,,kg,,,,,,,,,,,,,,,,,,,,,,,,LN+TPm+AQ,,Doc it,Thieu nuoc,10,30,,5,40,5,35,LN+TPm+AQ,,,,,,,,,,,,,,,,,,,,,,D�u,"Ch?t d?n ?? tr? s?ng tr?ng ti�u, hi?u qu? kh�ng cao",,,,,,�t t?n th?i gian,,,,,,,S?u ri�ng,N?ng su?t cao,Gi� cao,,,,,,,,,"Thoi tiet, khi hau thich hop ",,,,,,,,,,,,0,,,,,,,,,,,,,,,,,,,,,,,,,4,Kinh nghi?m,2,,,,,,5,Ch�nh s�ch c?a ??a ph??ng (quy ho?ch),,,,34,2,,11
30,CH,TB,AH,RT,1,72,kinh,K,2,4,4,1,20,0,15,100,1,1,0,unchanged,,,TN,1,4,1,Giang huong,LN,635,cay,2000,,,,,,,,So ri,AQ,80,,2005,80,,kg,Dinh lang,4000,2015,,Ch?a thu,,Tre (mang),200,2000,3000,,t?n,,,,,,,,,,,,,,,,,,LN+TPm+AQ,Dat cat pha,Doc vua,Thieu nuoc,5,10,3,3,15,6,9,LN+TPm+AQ,,,,,,,,,,,,,,,,,,,,,,M�t,"S�c ?n, kh�ng thu ho?ch ???c",,,,,,Gi� tr? cao,???c nh� n??c h? tr? gi?ng,,,,,,Tre,Kh�ng ch?m s�c,Thu ho?ch ?n ??nh m?i n?m,,,,,,,,,Cay giong de mua,"Ton dien tich, lau thu hoach",,,,,2019,,5,,,1,6,,,,,,,,4.2,1,1,,,,,,,1,3,K? thu?t v? c�y ?n qu?,2,,,,,4,B?n th�n,2,,,,,,1,,,,,34,4,,6
62,CH,TB,AH,AH,1,48,kinh,P,3,5,3,2,31,0,100,35,0.4,0.4,0,unchanged,,,TN,1,1,0.4,Tre (mang),TP(m),450,bui,1999,,,,,,,,,,,,,,,,,,,,,,,,,,,,,,,,,,,,,,,,,,,,,LN+TPm,,Doc it,Thieu nuoc,20,,7,,20,7,13,LN+TPm,,,,,,,,,,,,,,,,,,,,,,,,,,,,,C� th?i gian nh�n nhi?u,,,,,,,Tre,Mang l?i thu nh?p ch�nh,,,,,,,,,,Dat trong phu hop,,,,,,1999,,2.25,,,,2,,,,,,,,7,,,,,,,,,,,,,,,,,4,Kinh nghi?m,2,,,,,,1,,,,,34,,,4
25,CH,TB,AH,RT,0,41,kinh,P,1,3,3,2,20,0,10,30,0.3,0.3,0,unchanged,,,AH,1,4,0.3,Giang huong,LN,30,cay,2019,,,Tre (m?ng),50,2013,350,kg,Bo,AQ,10,,2009,50,,kg,Tieu,10,2013,2.5,,kg,,,,,,,,,,,,,,,,,,,,,,,,LN+TPm+AQ,Dat cat pha,Doc cao,Thieu nuoc,5,1,,,6,0,6,LN+TPm+AQ,,,,,,,,,,,,,,,,,,,,,,M�t,Kh�ng thu ho?ch ???c,,,,,,Kh�ng t?n c�ng v� chi ph� ??u t? ch?m s�c,,,,,,,Tre,N?ng su?t ?n ??nh,,,,,,,,,,"De trong va cham soc,",,,,,,2019,,,,,2,2,,,,,,,,,2,2,,,,,,,,,,,,,,,4,T? tr?ng,2,,,,,,1,,,,,34,4,,4
49,CH,TB,AH,RT,1,47,kinh,P,2,4,4,2,22,0,30,80,2.5,2.5,0,unchanged,,,AH,1,5,2.5,Go do,LN,400,cay,2018,,,,,,,,Buoi,AQcm,150,,2000,900,,kg,"Cam, quyt",200,2005,1000,,t?n,Dau da,50,2005,5000,,t?n,S?u ri�ng,50,1997,250,,kg,,,,,,,,,,,,LN+AQ,Dat cat pha,Doc it,Thieu nuoc,0,40,12,10,40,22,18,LN+AQ,,,,,,,,,,,,,,,,,,,,,,Qu�t,T?ng thu nh?p,,,,,,C�y xanh t?t,C� hi?u qu? kinh t?,,,,,,B??i,C� gi� tr? cao,D? b�n,D? thu,,,,,,,,Dat trong phu hop,Giao thong kho khan,,,,,2005,,25,,10,0,35,,,,,,,,22,0,10,,,,,,,2,1,K? thu?t gh�p b?,1,,,,,3,,1,1,12,60,0.75,3,,,,,,,4,,1
2,CH,TB,AH,TT,0,57,kinh,P,1,4,4,3,35,0,30,60,0.1,0.1,0,unchanged,,,TN,1,4,0.1,Sao den,LN,13,cay,2014,,,,,,,,Tre (mang),TPm,25,,1007,,,,Sau rieng,5,2019,,,,Bo,20,2019,,,,,,,,,,,,,,,,,,,,,LN+TPm+AQ,,Doc vua,Thieu nuoc,,15,,10,15,10,5,LN+TPm+AQ,,,,,,,,,,,,,,,,,,,,,,B?,Di?n t�ch tr?ng n�n tr?ng,S?u ri�ng,Di?n t�ch tr?ng n�n tr?ng,,,,Ng?n nu�i d�i,,,,,,,M?ng,C� n?ng su?t,Gi� ?n ??nh,,,,,,,,,Dat trong phu hop,"Thieu nuoc tuoi, mua kho",,,,,2019,,1.75,1.5,5,,8,,,,,,,,0.5,,5,,,,,,,,,,,,,,,4,Kinh nghi?m,2,,,,,,1,,,,,3,2,2,11
5,CH,TB,AH,VB,1,28,kinh,P,1,3,2,2,20,1,80,80,0.8,0.8,0,unchanged,,,TN,1,6,0.8,Giang huong,LN,2000,cay,2000,,,Tre (m?ng),700,,10000,t?n,Mang cau,AQ,100,,2012,500,,kg,Bo,50,2012,200,,kg,"Cam, quyt",50,2014,200,,kg,Su su,80,2019,500,,kg,,,,,,,,,,,,LN+AQ+TPm+RM,Dat cat pha,Doc cao,Thieu nuoc,6,10,,,16,0,16,LN+AQ+TPm+RM,,,,,,,,,,,,,,,,,,,,,,,,,,,,,Ch?m s�c �t,,,,,,,Tre m?ch t�ng,Thu ho?ch ?n ??nh,Kh�ng ch?m s�c nhi?u,,,,,,,,,"Thoi tiet, khi hau thich hop ","Thieu nuoc tuoi, mua kho",,,,,2019,,10,,,2,12,,,,,,,,7.5,2,2,,,,,,,1,2,K? thu?t tr?ng c�y c� m�i,2,,,,,4,Kinh nghi?m,2,,,,,,1,,,,,34,34,4,26
57,CH,TB,AH,VD,1,46,kinh,P,2,4,3,2,27,0,250,20,1.4,1.4,0,unchanged,,,Gi,1,2,1.4,Keo la tram,LN,45,cay,1993,,,,,,,,Tre (mang),TPm,90,,2009,4000,,t?n,,,,,,,,,,,,,,,,,,,,,,,,,,,,,,LN+TPm,,Doc vua,Thieu nuoc,,25,,2,25,2,23,LN+TPm,,,,,,,,,,,,,,,,,,,,,,D�u,Kh�ng c� n??c t??i n�n d�u ch?t,B ?,,,,,Tr?ng tre kh�ng t?n c�ng ch?m s�c v� th?i gian nhi?u,C� th?i gian l�m c�ng vi?c kh�c c� th�m thu nh?p,,,,,,Tre,Hi?n t?i ?em l?i ngu?n thu nh?p,,,,,,,,,,,"Thieu nuoc tuoi, mua kho",Sao,Mu?n tr?ng c�y l�u n?m ?? l?i cho con ch�u h??ng thu nh?p,,,2009,,,,,,0,,,,,,,,1.5,2.5,,,,,,,,,,,,,,,,4,Kinh nghi?m,2,,,,,,15,Kh�ng c� nhu c?u vay v?n,,,,,Ngu?n n??c,,4
45,V,TB,AH,TT,0,57,kinh,P,1,4,4,3,36,0,30,100,2,2,0,unchanged,,,SS,1,4,2,Sao den,LN,125,cay,2000,,,Tre (m?ng),100,,4000,t?n,Sau rieng,AQ,90,,2000,100,,kg,Bo,90,2000,200,,kg,,,,,,,,,,,,,,,,,,,,,,,,LN+TPm+AQ,Dat lan da,Doc vua,Co nuoc,20,10,8,5,30,13,17,LN+TPm+AQ,,,,,,,,,,,,,,,,,,,,,,,,,,,,,L?y ng?n nu�i d�i,,,,,,,S?u ri�ng,D? tr?ng,Gi� th�nh cao,,Tre,Gi� c? cao,D? tr?ng,Kh�ng t?n chi ph� ch?m s�c,,,,Dat trong phu hop,"Thieu nuoc tuoi, mua kho",,,,,1999,,,,,,0,,,,,,,,13,,15,,,,,,,,,,,,,,,134,Kinh nghi?m,2,,,,,,1,,,,,,,M? r?ng ???ng ?? ti?n v?n chuy?n ,4
